section,region,english_name,page_title,city_url,summary,reference_image,prompt_md,pc_output,mobile_output
Core series locations,Unova,Accumula Town,Accumula Town,https://bulbapedia.bulbagarden.net/wiki/Accumula_Town,"Accumula Town is a small town located in southeastern Unova. The town has two exits: to the south is Route 1, leading to Nuvema Town; to the west is Route 2, leading northwards to Striaton City.",https://archives.bulbagarden.net/media/upload/thumb/0/05/Accumula_Town_Winter_BW.png/600px-Accumula_Town_Winter_BW.png,prompts/unova__accumula-town.md,pc/unova__accumula-town__pc.webp,mobile/unova__accumula-town__mobile.webp
Core series locations,Paldea,Alfornada,Alfornada,https://bulbapedia.bulbagarden.net/wiki/Alfornada,"Alfornada is a town in the Paldea region, located in South Province (Area Six). Because of the Gym's specialized type, the people of this town tend to walk around accompanied by Psychic-type Pokémon.",https://archives.bulbagarden.net/media/upload/thumb/c/c1/Alfornada.png/600px-Alfornada.png,prompts/paldea__alfornada.md,pc/paldea__alfornada__pc.webp,mobile/paldea__alfornada__mobile.webp
Core series locations,Kalos,Ambrette Town,Ambrette Town,https://bulbapedia.bulbagarden.net/wiki/Ambrette_Town,Ambrette Town is a town located in the southwest portion of the Kalos region. It is situated on the edge of a seaside cliff with a narrow coastline.,https://archives.bulbagarden.net/media/upload/e/eb/Ambrette_Town_XY.png,prompts/kalos__ambrette-town.md,pc/kalos__ambrette-town__pc.webp,mobile/kalos__ambrette-town__mobile.webp
Core series locations,Kalos,Anistar City,Anistar City,https://bulbapedia.bulbagarden.net/wiki/Anistar_City,Anistar City is a city located in the Kalos region.,https://archives.bulbagarden.net/media/upload/8/8b/Lumiose_Museum_exhibit_Anistar_Sundial.png,prompts/kalos__anistar-city.md,pc/kalos__anistar-city__pc.webp,mobile/kalos__anistar-city__mobile.webp
Core series locations,Unova,Anville Town,Anville Town,https://bulbapedia.bulbagarden.net/wiki/Anville_Town,Anville Town is situated in the northwestern part of the Unova region. It is accessed by riding the Battle Subway's Anville line (shown brown on the subway map) from Gear Station in Nimbasa City; no battles are required to be able to go to this town.,https://archives.bulbagarden.net/media/upload/thumb/4/4f/Anville_Town_Summer_B2W2.png/600px-Anville_Town_Summer_B2W2.png,prompts/unova__anville-town.md,pc/unova__anville-town__pc.webp,mobile/unova__anville-town__mobile.webp
Core series locations,Kalos,Aquacorde Town,Aquacorde Town,https://bulbapedia.bulbagarden.net/wiki/Aquacorde_Town,Aquacorde Town is a town located in the southeastern part of the Kalos region. It is the place where the player gets their first partner Pokémon.,https://archives.bulbagarden.net/media/upload/3/3f/Aquacorde_Town_XY.png,prompts/kalos__aquacorde-town.md,pc/kalos__aquacorde-town__pc.webp,mobile/kalos__aquacorde-town__mobile.webp
Core series locations,Paldea,Artazon,Artazon,https://bulbapedia.bulbagarden.net/wiki/Artazon,"Artazon is a town in the Paldea region, located on the border of South Province (Area Three) and East Province (Area One). It is known for its flowers and art.",https://archives.bulbagarden.net/media/upload/thumb/0/00/Artazon.png/600px-Artazon.png,prompts/paldea__artazon.md,pc/paldea__artazon__pc.webp,mobile/paldea__artazon__mobile.webp
Core series locations,Unova,Aspertia City,Aspertia City,https://bulbapedia.bulbagarden.net/wiki/Aspertia_City,"Aspertia City is a small city situated in southwestern Unova and serves as the hometown of the Unova player character in Pokémon Black 2 and White 2. The settlement exists on Unova's western strip of land, and is surrounded by forest.",https://archives.bulbagarden.net/media/upload/thumb/e/ee/Aspertia_City_Winter_B2W2.png/600px-Aspertia_City_Winter_B2W2.png,prompts/unova__aspertia-city.md,pc/unova__aspertia-city__pc.webp,mobile/unova__aspertia-city__mobile.webp
Core series locations,Johto,Azalea Town,Azalea Town,https://bulbapedia.bulbagarden.net/wiki/Azalea_Town,"Azalea Town is a small, isolated town located on the southern peninsula of the Johto region. The town is best known for being the residence of Kurt, a custom Poké Ball creator who makes Poké Balls out of Apricorns.",https://archives.bulbagarden.net/media/upload/thumb/0/0f/Azalea_Town_HGSS.png/600px-Azalea_Town_HGSS.png,prompts/johto__azalea-town.md,pc/johto__azalea-town__pc.webp,mobile/johto__azalea-town__mobile.webp
Core series locations,Galar,Ballonlea,Ballonlea,https://bulbapedia.bulbagarden.net/wiki/Ballonlea,"Ballonlea is a small, secluded town situated in a dense forest in the northwestern Galar region. The town's sole access route via land is through Glimwood Tangle, which is located to the south.",https://archives.bulbagarden.net/media/upload/thumb/2/2d/Ballonlea_SWSH_Concept_Art.png/600px-Ballonlea_SWSH_Concept_Art.png,prompts/galar__ballonlea.md,pc/galar__ballonlea__pc.webp,mobile/galar__ballonlea__mobile.webp
Core series locations,Unova,Black City,Black City,https://bulbapedia.bulbagarden.net/wiki/Black_City,"Black City is a city located in the eastern part of the Unova region. Black City is exclusive to Pokémon Black and Pokémon Black 2, and features Trainers and tasks that do not appear or occur in Pokémon White and White 2.",https://archives.bulbagarden.net/media/upload/thumb/a/a6/Black_City_and_White_Forest.png/600px-Black_City_and_White_Forest.png,prompts/unova__black-city.md,pc/unova__black-city__pc.webp,mobile/unova__black-city__mobile.webp
Core series locations,Johto,Blackthorn City,Blackthorn City,https://bulbapedia.bulbagarden.net/wiki/Blackthorn_City,"Blackthorn City is a city located in northeast Johto. It is home to the Blackthorn Gym, led by the Gym Leader Clair, who specializes in Dragon-type Pokémon.",https://archives.bulbagarden.net/media/upload/thumb/9/96/Blackthorn_City_HGSS.png/600px-Blackthorn_City_HGSS.png,prompts/johto__blackthorn-city.md,pc/johto__blackthorn-city__pc.webp,mobile/johto__blackthorn-city__mobile.webp
Core series locations,Paldea,Cabo Poco,Cabo Poco,https://bulbapedia.bulbagarden.net/wiki/Cabo_Poco,"Cabo Poco is a small town on a cape in the south of the Paldea region. It is the hometown of the player and their rival, Nemona, in Pokémon Scarlet and Violet.",https://archives.bulbagarden.net/media/upload/thumb/f/fd/Cabo_Poco_SV_Concept_Art.png/600px-Cabo_Poco_SV_Concept_Art.png,prompts/paldea__cabo-poco.md,pc/paldea__cabo-poco__pc.webp,mobile/paldea__cabo-poco__mobile.webp
Core series locations,Kalos,Camphrier Town,Camphrier Town,https://bulbapedia.bulbagarden.net/wiki/Camphrier_Town,"Camphrier Town is a town located in the central Kalos region. The northern part of town houses Shabboneau Castle, a large castle once home to a generous king, surrounded by a moat.",https://archives.bulbagarden.net/media/upload/6/65/Camphrier_Town_XY.png,prompts/kalos__camphrier-town.md,pc/kalos__camphrier-town__pc.webp,mobile/kalos__camphrier-town__mobile.webp
Core series locations,Sinnoh,Canalave City,Canalave City,https://bulbapedia.bulbagarden.net/wiki/Canalave_City,Canalave City is a city in the Sinnoh region. Canalave City is a port city that is bisected by a canal which is crossed by a small drawbridge.,https://archives.bulbagarden.net/media/upload/thumb/3/39/Canalave_City_BDSP.png/600px-Canalave_City_BDSP.png,prompts/sinnoh__canalave-city.md,pc/sinnoh__canalave-city__pc.webp,mobile/sinnoh__canalave-city__mobile.webp
Core series locations,Paldea,Cascarrafa,Cascarrafa,https://bulbapedia.bulbagarden.net/wiki/Cascarrafa,"Cascarrafa is a city in the Paldea region, located on the edge of the Asado Desert and West Province (Area One). It is known as the City of Water.",https://archives.bulbagarden.net/media/upload/thumb/c/cd/Cascarrafa.png/600px-Cascarrafa.png,prompts/paldea__cascarrafa.md,pc/paldea__cascarrafa__pc.webp,mobile/paldea__cascarrafa__mobile.webp
Core series locations,Unova,Castelia City,Castelia City,https://bulbapedia.bulbagarden.net/wiki/Castelia_City,"Castelia City is a large seaside city located in south central Unova. Unlike other cities, Castelia is a huge, sprawling metropolis, sporting many towering skyscrapers and other tall buildings.",https://archives.bulbagarden.net/media/upload/thumb/a/ae/Castelia_City.png/600px-Castelia_City.png,prompts/unova__castelia-city.md,pc/unova__castelia-city__pc.webp,mobile/unova__castelia-city__mobile.webp
Core series locations,Kanto,Celadon City,Celadon City,https://bulbapedia.bulbagarden.net/wiki/Celadon_City,"If you were looking for the chapter in Pokémon Zensho, see PZ05. Celadon City is located in central Kanto.",https://archives.bulbagarden.net/media/upload/b/b6/Celadon_City_PE.png,prompts/kanto__celadon-city.md,pc/kanto__celadon-city__pc.webp,mobile/kanto__celadon-city__mobile.webp
Core series locations,Sinnoh,Celestic Town,Celestic Town,https://bulbapedia.bulbagarden.net/wiki/Celestic_Town,Celestic Town is a town in the Sinnoh region. It is a tiny town that preserves the history of Sinnoh and the old ways of life.,https://archives.bulbagarden.net/media/upload/thumb/0/0c/Celestic_Town_BDSP_Concept_Art.jpg/600px-Celestic_Town_BDSP_Concept_Art.jpg,prompts/sinnoh__celestic-town.md,pc/sinnoh__celestic-town__pc.webp,mobile/sinnoh__celestic-town__mobile.webp
Core series locations,Kanto,Cerulean City,Cerulean City,https://bulbapedia.bulbagarden.net/wiki/Cerulean_City,"If you were looking for the chapter in Pokémon Zensho, see PZ03. Cerulean City is a seaside city located in northern Kanto.",https://archives.bulbagarden.net/media/upload/4/4f/Cerulean_City_PE.png,prompts/kanto__cerulean-city.md,pc/kanto__cerulean-city__pc.webp,mobile/kanto__cerulean-city__mobile.webp
Core series locations,Johto,Cherrygrove City,Cherrygrove City,https://bulbapedia.bulbagarden.net/wiki/Cherrygrove_City,,https://archives.bulbagarden.net/media/upload/e/e3/None.png,prompts/johto__cherrygrove-city.md,pc/johto__cherrygrove-city__pc.webp,mobile/johto__cherrygrove-city__mobile.webp
Core series locations,Johto,Cianwood City,Cianwood City,https://bulbapedia.bulbagarden.net/wiki/Cianwood_City,,https://archives.bulbagarden.net/media/upload/8/8a/Cianwood_City_HGSS.png,prompts/johto__cianwood-city.md,pc/johto__cianwood-city__pc.webp,mobile/johto__cianwood-city__mobile.webp
Core series locations,Galar,Circhester,Circhester,https://bulbapedia.bulbagarden.net/wiki/Circhester,,https://archives.bulbagarden.net/media/upload/thumb/0/00/Circhester_SwSh.png/600px-Circhester_SwSh.png,prompts/galar__circhester.md,pc/galar__circhester__pc.webp,mobile/galar__circhester__mobile.webp
Core series locations,Kanto,Cinnabar Island,Cinnabar Island,https://bulbapedia.bulbagarden.net/wiki/Cinnabar_Island,,https://archives.bulbagarden.net/media/upload/5/5d/Cinnabar_Island_PE.png,prompts/kanto__cinnabar-island.md,pc/kanto__cinnabar-island__pc.webp,mobile/kanto__cinnabar-island__mobile.webp
Core series locations,Paldea,Cortondo,Cortondo,https://bulbapedia.bulbagarden.net/wiki/Cortondo,,https://archives.bulbagarden.net/media/upload/thumb/7/71/Cortondo.png/600px-Cortondo.png,prompts/paldea__cortondo.md,pc/paldea__cortondo__pc.webp,mobile/paldea__cortondo__mobile.webp
Core series locations,Kalos,Coumarine City,Coumarine City,https://bulbapedia.bulbagarden.net/wiki/Coumarine_City,,https://archives.bulbagarden.net/media/upload/b/be/Coumarine_City_XY.png,prompts/kalos__coumarine-city.md,pc/kalos__coumarine-city__pc.webp,mobile/kalos__coumarine-city__mobile.webp
Core series locations,Kalos,Couriway Town,Couriway Town,https://bulbapedia.bulbagarden.net/wiki/Couriway_Town,,https://archives.bulbagarden.net/media/upload/1/1c/Couriway_Town_XY.png,prompts/kalos__couriway-town.md,pc/kalos__couriway-town__pc.webp,mobile/kalos__couriway-town__mobile.webp
Core series locations,Kalos,Cyllage City,Cyllage City,https://bulbapedia.bulbagarden.net/wiki/Cyllage_City,,https://archives.bulbagarden.net/media/upload/d/d0/Cyllage_City_XY.png,prompts/kalos__cyllage-city.md,pc/kalos__cyllage-city__pc.webp,mobile/kalos__cyllage-city__mobile.webp
Core series locations,Kalos,Dendemille Town,Dendemille Town,https://bulbapedia.bulbagarden.net/wiki/Dendemille_Town,,https://archives.bulbagarden.net/media/upload/e/e3/None.png,prompts/kalos__dendemille-town.md,pc/kalos__dendemille-town__pc.webp,mobile/kalos__dendemille-town__mobile.webp
Core series locations,Hoenn,Dewford Town,Dewford Town,https://bulbapedia.bulbagarden.net/wiki/Dewford_Town,,https://archives.bulbagarden.net/media/upload/thumb/4/42/Dewford_Town_ORAS.png/600px-Dewford_Town_ORAS.png,prompts/hoenn__dewford-town.md,pc/hoenn__dewford-town__pc.webp,mobile/hoenn__dewford-town__mobile.webp
Core series locations,Hisui,Diamond Settlement,Diamond Settlement,https://bulbapedia.bulbagarden.net/wiki/Diamond_Settlement,,https://archives.bulbagarden.net/media/upload/thumb/e/ef/LA_Diamond_Settlement.png/600px-LA_Diamond_Settlement.png,prompts/hisui__diamond-settlement.md,pc/hisui__diamond-settlement__pc.webp,mobile/hisui__diamond-settlement__mobile.webp
Core series locations,Unova,Driftveil City,Driftveil City,https://bulbapedia.bulbagarden.net/wiki/Driftveil_City,,https://archives.bulbagarden.net/media/upload/thumb/2/20/Driftveil_City_Summer_B2W2.png/600px-Driftveil_City_Summer_B2W2.png,prompts/unova__driftveil-city.md,pc/unova__driftveil-city__pc.webp,mobile/unova__driftveil-city__mobile.webp
Core series locations,Johto,Ecruteak City,Ecruteak City,https://bulbapedia.bulbagarden.net/wiki/Ecruteak_City,,https://archives.bulbagarden.net/media/upload/thumb/7/77/Ecruteak_City_HGSS.png/600px-Ecruteak_City_HGSS.png,prompts/johto__ecruteak-city.md,pc/johto__ecruteak-city__pc.webp,mobile/johto__ecruteak-city__mobile.webp
Core series locations,Sinnoh,Eterna City,Eterna City,https://bulbapedia.bulbagarden.net/wiki/Eterna_City,,https://archives.bulbagarden.net/media/upload/thumb/c/c7/Eterna_City_BDSP_Concept_Art.jpg/600px-Eterna_City_BDSP_Concept_Art.jpg,prompts/sinnoh__eterna-city.md,pc/sinnoh__eterna-city__pc.webp,mobile/sinnoh__eterna-city__mobile.webp
Core series locations,Hoenn,Ever Grande City,Ever Grande City,https://bulbapedia.bulbagarden.net/wiki/Ever_Grande_City,,https://archives.bulbagarden.net/media/upload/thumb/e/ec/Ever_Grande_City_ORAS.png/600px-Ever_Grande_City_ORAS.png,prompts/hoenn__ever-grande-city.md,pc/hoenn__ever-grande-city__pc.webp,mobile/hoenn__ever-grande-city__mobile.webp
Core series locations,Hoenn,Fallarbor Town,Fallarbor Town,https://bulbapedia.bulbagarden.net/wiki/Fallarbor_Town,,https://archives.bulbagarden.net/media/upload/thumb/e/ef/Fallarbor_Town_ORAS.png/600px-Fallarbor_Town_ORAS.png,prompts/hoenn__fallarbor-town.md,pc/hoenn__fallarbor-town__pc.webp,mobile/hoenn__fallarbor-town__mobile.webp
Core series locations,Sinnoh,Fight Area,Fight Area,https://bulbapedia.bulbagarden.net/wiki/Fight_Area,,https://archives.bulbagarden.net/media/upload/thumb/7/7b/Fight_Area_BDSP.png/600px-Fight_Area_BDSP.png,prompts/sinnoh__fight-area.md,pc/sinnoh__fight-area__pc.webp,mobile/sinnoh__fight-area__mobile.webp
Core series locations,Sevii Islands,Five Island,Five Island (town),https://bulbapedia.bulbagarden.net/wiki/Five_Island_%28town%29,,https://archives.bulbagarden.net/media/upload/0/00/Five_Island_FRLG.png,prompts/sevii-islands__five-island.md,pc/sevii-islands__five-island__pc.webp,mobile/sevii-islands__five-island__mobile.webp
Core series locations,Sinnoh,Floaroma Town,Floaroma Town,https://bulbapedia.bulbagarden.net/wiki/Floaroma_Town,,https://archives.bulbagarden.net/media/upload/thumb/7/7f/Floaroma_Town_BDSP.png/600px-Floaroma_Town_BDSP.png,prompts/sinnoh__floaroma-town.md,pc/sinnoh__floaroma-town__pc.webp,mobile/sinnoh__floaroma-town__mobile.webp
Core series locations,Unova,Floccesy Town,Floccesy Town,https://bulbapedia.bulbagarden.net/wiki/Floccesy_Town,,https://archives.bulbagarden.net/media/upload/a/a9/Floccesy_Town_Spring_B2W2.png,prompts/unova__floccesy-town.md,pc/unova__floccesy-town__pc.webp,mobile/unova__floccesy-town__mobile.webp
Core series locations,Hoenn,Fortree City,Fortree City,https://bulbapedia.bulbagarden.net/wiki/Fortree_City,"Fortree City is a city, roughly between Mauville and Lilycove, in the Hoenn region. To its west are Route 119 and the Weather Institute, and to its east Route 120 and the Safari Zone.",https://archives.bulbagarden.net/media/upload/thumb/0/00/Fortree_City.png/600px-Fortree_City.png,prompts/hoenn__fortree-city.md,pc/hoenn__fortree-city__pc.webp,mobile/hoenn__fortree-city__mobile.webp
Core series locations,Sevii Islands,Four Island,Four Island (town),https://bulbapedia.bulbagarden.net/wiki/Four_Island_%28town%29,"Four Island is a small town located on the south-west side of Four Island. It is the most isolated of the seven cities of the Sevii Islands, as there are no routes connecting to it.",https://archives.bulbagarden.net/media/upload/thumb/9/94/Four_Island_FRLG.png/600px-Four_Island_FRLG.png,prompts/sevii-islands__four-island.md,pc/sevii-islands__four-island__pc.webp,mobile/sevii-islands__four-island__mobile.webp
Core series locations,Galar,Freezington,Freezington,https://bulbapedia.bulbagarden.net/wiki/Freezington,Freezington Freeze Village) is a village in the Crown Tundra in the Galar region. It connects to Slippery Slope to the north and Frostpoint Field to the south.,https://archives.bulbagarden.net/media/upload/thumb/7/7a/Galar_Freezington_SwSh.png/600px-Galar_Freezington_SwSh.png,prompts/galar__freezington.md,pc/galar__freezington__pc.webp,mobile/galar__freezington__mobile.webp
Core series locations,Johto,Frontier Access,Frontier Access,https://bulbapedia.bulbagarden.net/wiki/Frontier_Access,The Frontier Access is a location in Johto. It debuted in Pokémon HeartGold and SoulSilver.,https://archives.bulbagarden.net/media/upload/4/49/Frontier_Access_HGSS.png,prompts/johto__frontier-access.md,pc/johto__frontier-access__pc.webp,mobile/johto__frontier-access__mobile.webp
Core series locations,Kanto,Fuchsia City,Fuchsia City,https://bulbapedia.bulbagarden.net/wiki/Fuchsia_City,"If you were looking for the chapter in Pokémon Zensho, see PZ06. Fuchsia City is a city located in southwest Kanto.",https://archives.bulbagarden.net/media/upload/5/5e/Fuchsia_City_PE.png,prompts/kanto__fuchsia-city.md,pc/kanto__fuchsia-city__pc.webp,mobile/kanto__fuchsia-city__mobile.webp
Core series locations,Kalos,Geosenge Town,Geosenge Town,https://bulbapedia.bulbagarden.net/wiki/Geosenge_Town,Geosenge Town is a rural town located in the western part of the Kalos region. It is well known for its unusual rock structures which are rumored to have mysterious powers.,https://archives.bulbagarden.net/media/upload/7/70/Geosenge_Town_XY.png,prompts/kalos__geosenge-town.md,pc/kalos__geosenge-town__pc.webp,mobile/kalos__geosenge-town__mobile.webp
Core series locations,Johto,Goldenrod City,Goldenrod City,https://bulbapedia.bulbagarden.net/wiki/Goldenrod_City,"Goldenrod City is a sprawling metropolis located in western Johto. It is the largest city in the region, and one of the largest cities in the Pokémon world.",https://archives.bulbagarden.net/media/upload/thumb/6/65/Goldenrod_City_HGSS.png/600px-Goldenrod_City_HGSS.png,prompts/johto__goldenrod-city.md,pc/johto__goldenrod-city__pc.webp,mobile/johto__goldenrod-city__mobile.webp
Core series locations,Galar,Hammerlocke,Hammerlocke,https://bulbapedia.bulbagarden.net/wiki/Hammerlocke,Hammerlocke is a city situated in the center of the Galar region.,https://archives.bulbagarden.net/media/upload/e/e3/None.png,prompts/galar__hammerlocke.md,pc/galar__hammerlocke__pc.webp,mobile/galar__hammerlocke__mobile.webp
Core series locations,Alola,Hau'oli City,Hau'oli City,https://bulbapedia.bulbagarden.net/wiki/Hau%27oli_City,Hau'oli City is a coastal city situated on Melemele Island of the Alola region. It is the main location of the Pokémon Sun and Pokémon Moon Special Demo Version.,https://archives.bulbagarden.net/media/upload/thumb/e/ea/Hau%27oli_City_USUM.png/600px-Hau%27oli_City_USUM.png,prompts/alola__hau-oli-city.md,pc/alola__hau-oli-city__pc.webp,mobile/alola__hau-oli-city__mobile.webp
Core series locations,Alola,Heahea City,Heahea City,https://bulbapedia.bulbagarden.net/wiki/Heahea_City,Heahea City is a coastal city situated on Akala Island of the Alola region. The city was founded long ago by Trainers from the Kanto and Johto regions.,https://archives.bulbagarden.net/media/upload/3/3c/Heahea_City_SM.png,prompts/alola__heahea-city.md,pc/alola__heahea-city__pc.webp,mobile/alola__heahea-city__mobile.webp
Core series locations,Sinnoh,Hearthome City,Hearthome City,https://bulbapedia.bulbagarden.net/wiki/Hearthome_City,Hearthome City is a city in the Sinnoh region. Hearthome City is the fifth-largest city in the Pokémon world.,https://archives.bulbagarden.net/media/upload/thumb/a/a2/Hearthome_City_BDSP_Concept_Art.jpg/600px-Hearthome_City_BDSP_Concept_Art.jpg,prompts/sinnoh__hearthome-city.md,pc/sinnoh__hearthome-city__pc.webp,mobile/sinnoh__hearthome-city__mobile.webp
Core series locations,Galar,Hulbury,Hulbury,https://bulbapedia.bulbagarden.net/wiki/Hulbury,"Hulbury is a small town located in central Galar. It is home to the Galar region's Water-type Gym, Hulbury Stadium.",https://archives.bulbagarden.net/media/upload/thumb/1/10/Hulbury_SwSh.png/600px-Hulbury_SwSh.png,prompts/galar__hulbury.md,pc/galar__hulbury__pc.webp,mobile/galar__hulbury__mobile.webp
Core series locations,Unova,Humilau City,Humilau City,https://bulbapedia.bulbagarden.net/wiki/Humilau_City,"Humilau City is a city in northeastern Unova. It is the location of the Humilau Gym, with the Gym Leader Marlon.",https://archives.bulbagarden.net/media/upload/thumb/b/bf/Humilau_City_Spring_B2W2.png/600px-Humilau_City_Spring_B2W2.png,prompts/unova__humilau-city.md,pc/unova__humilau-city__pc.webp,mobile/unova__humilau-city__mobile.webp
Core series locations,Unova,Icirrus City,Icirrus City,https://bulbapedia.bulbagarden.net/wiki/Icirrus_City,"Icirrus City is a city located in northwestern Unova. Icirrus City is connected to Twist Mountain to the west, and Route 8 to the east.",https://archives.bulbagarden.net/media/upload/thumb/1/19/Icirrus_City_Summer_B2W2.png/600px-Icirrus_City_Summer_B2W2.png,prompts/unova__icirrus-city.md,pc/unova__icirrus-city__pc.webp,mobile/unova__icirrus-city__mobile.webp
Core series locations,Alola,Iki Town,Iki Town,https://bulbapedia.bulbagarden.net/wiki/Iki_Town,"Iki Town is a town on Melemele Island of the Alola region. It is where Kahuna Hala lives, and in Pokémon Sun and Moon, is the place where the player gets their first partner Pokémon.",https://archives.bulbagarden.net/media/upload/thumb/0/01/Iki_Town_SM.png/600px-Iki_Town_SM.png,prompts/alola__iki-town.md,pc/alola__iki-town__pc.webp,mobile/alola__iki-town__mobile.webp
Core series locations,Sinnoh,Jubilife City,Jubilife City,https://bulbapedia.bulbagarden.net/wiki/Jubilife_City,"Jubilife City is a city in the Sinnoh region. Jubilife is the most modernized city in the region, and according to the animated series, the largest city in Sinnoh.",https://archives.bulbagarden.net/media/upload/thumb/9/9e/Jubilife_City_BDSP_Concept_Art.jpg/600px-Jubilife_City_BDSP_Concept_Art.jpg,prompts/sinnoh__jubilife-city.md,pc/sinnoh__jubilife-city__pc.webp,mobile/sinnoh__jubilife-city__mobile.webp
Core series locations,Hisui,Jubilife Village,Jubilife Village,https://bulbapedia.bulbagarden.net/wiki/Jubilife_Village,Jubilife Village is a village in the Hisui region that was constructed by the Galaxy Expedition Team. It lies to the west of the Obsidian Fieldlands and the Cobalt Coastlands on a section of Hisui's western shore.,https://archives.bulbagarden.net/media/upload/thumb/8/8c/LA_Jubilife_Village.png/600px-LA_Jubilife_Village.png,prompts/hisui__jubilife-village.md,pc/hisui__jubilife-village__pc.webp,mobile/hisui__jubilife-village__mobile.webp
Core series locations,Kalos,Kiloude City,Kiloude City,https://bulbapedia.bulbagarden.net/wiki/Kiloude_City,"Kiloude City is a city located in the southern part of the Kalos region and is only accessible after the TMV Pass is obtained from Professor Sycamore in Lumiose Station after entering the Hall of Fame. After participating in a battle in the Battle Maison, Calem/Serena will battle the player daily in the north of the city.",https://archives.bulbagarden.net/media/upload/1/11/Kiloude_City_XY.png,prompts/kalos__kiloude-city.md,pc/kalos__kiloude-city__pc.webp,mobile/kalos__kiloude-city__mobile.webp
Core series locations,Alola,Konikoni City,Konikoni City,https://bulbapedia.bulbagarden.net/wiki/Konikoni_City,Konikoni City is a coastal city situated on Akala Island of the Alola region. An isolated area of Konikoni City can be accessed from Diglett's Tunnel using Machamp Shove.,https://archives.bulbagarden.net/media/upload/thumb/7/77/Konikoni_City_SM.png/600px-Konikoni_City_SM.png,prompts/alola__konikoni-city.md,pc/alola__konikoni-city__pc.webp,mobile/alola__konikoni-city__mobile.webp
Core series locations,Unova,Lacunosa Town,Lacunosa Town,https://bulbapedia.bulbagarden.net/wiki/Lacunosa_Town,Lacunosa Town is a town in the northeastern area of the Unova region. To the west of Lacunosa Town is Route 12 and to the east is Route 13.,https://archives.bulbagarden.net/media/upload/d/d9/Lacunosa_Town_Summer_B2W2.png,prompts/unova__lacunosa-town.md,pc/unova__lacunosa-town__pc.webp,mobile/unova__lacunosa-town__mobile.webp
Core series locations,Hoenn,Lavaridge Town,Lavaridge Town,https://bulbapedia.bulbagarden.net/wiki/Lavaridge_Town,,https://archives.bulbagarden.net/media/upload/thumb/6/65/Lavaridge_Town_ORAS.png/600px-Lavaridge_Town_ORAS.png,prompts/hoenn__lavaridge-town.md,pc/hoenn__lavaridge-town__pc.webp,mobile/hoenn__lavaridge-town__mobile.webp
Core series locations,Kanto,Lavender Town,Lavender Town,https://bulbapedia.bulbagarden.net/wiki/Lavender_Town,,https://archives.bulbagarden.net/media/upload/3/3e/Lavender_Town_PE.png,prompts/kanto__lavender-town.md,pc/kanto__lavender-town__pc.webp,mobile/kanto__lavender-town__mobile.webp
Core series locations,Kalos,Laverre City,Laverre City,https://bulbapedia.bulbagarden.net/wiki/Laverre_City,,https://archives.bulbagarden.net/media/upload/7/79/Laverre_City_XY.png,prompts/kalos__laverre-city.md,pc/kalos__laverre-city__pc.webp,mobile/kalos__laverre-city__mobile.webp
Core series locations,Unova,Lentimas Town,Lentimas Town,https://bulbapedia.bulbagarden.net/wiki/Lentimas_Town,,https://archives.bulbagarden.net/media/upload/thumb/e/e6/Lentimas_Town_B2W2.png/600px-Lentimas_Town_B2W2.png,prompts/unova__lentimas-town.md,pc/unova__lentimas-town__pc.webp,mobile/unova__lentimas-town__mobile.webp
Core series locations,Paldea,Levincia,Levincia,https://bulbapedia.bulbagarden.net/wiki/Levincia,,https://archives.bulbagarden.net/media/upload/thumb/1/1d/Levincia.png/600px-Levincia.png,prompts/paldea__levincia.md,pc/paldea__levincia__pc.webp,mobile/paldea__levincia__mobile.webp
Core series locations,Hoenn,Littleroot Town,Littleroot Town,https://bulbapedia.bulbagarden.net/wiki/Littleroot_Town,,https://archives.bulbagarden.net/media/upload/thumb/8/8b/Littleroot_Town_ORAS.png/600px-Littleroot_Town_ORAS.png,prompts/hoenn__littleroot-town.md,pc/hoenn__littleroot-town__pc.webp,mobile/hoenn__littleroot-town__mobile.webp
Core series locations,Hoenn,Lilycove City,Lilycove City,https://bulbapedia.bulbagarden.net/wiki/Lilycove_City,,https://archives.bulbagarden.net/media/upload/thumb/6/6f/Lilycove_City_ORAS.png/600px-Lilycove_City_ORAS.png,prompts/hoenn__lilycove-city.md,pc/hoenn__lilycove-city__pc.webp,mobile/hoenn__lilycove-city__mobile.webp
Core series locations,Paldea,Los Platos,Los Platos,https://bulbapedia.bulbagarden.net/wiki/Los_Platos,,https://archives.bulbagarden.net/media/upload/thumb/8/83/Los_Platos_SV.png/600px-Los_Platos_SV.png,prompts/paldea__los-platos.md,pc/paldea__los-platos__pc.webp,mobile/paldea__los-platos__mobile.webp
Core series locations,Kalos,Lumiose City,Lumiose City,https://bulbapedia.bulbagarden.net/wiki/Lumiose_City,,https://archives.bulbagarden.net/media/upload/thumb/f/fe/ZA_Lumiose_City_map.png/600px-ZA_Lumiose_City_map.png,prompts/kalos__lumiose-city.md,pc/kalos__lumiose-city__pc.webp,mobile/kalos__lumiose-city__mobile.webp
Core series locations,Johto,Mahogany Town,Mahogany Town,https://bulbapedia.bulbagarden.net/wiki/Mahogany_Town,,https://archives.bulbagarden.net/media/upload/9/9f/Mahogany_Town_HGSS.png,prompts/johto__mahogany-town.md,pc/johto__mahogany-town__pc.webp,mobile/johto__mahogany-town__mobile.webp
Core series locations,Alola,Malie City,Malie City,https://bulbapedia.bulbagarden.net/wiki/Malie_City,,https://archives.bulbagarden.net/media/upload/7/70/Malie_City_SM.png,prompts/alola__malie-city.md,pc/alola__malie-city__pc.webp,mobile/alola__malie-city__mobile.webp
Core series locations,Hoenn,Mauville City,Mauville City,https://bulbapedia.bulbagarden.net/wiki/Mauville_City,,https://archives.bulbagarden.net/media/upload/thumb/b/b9/Mauville_City.png/600px-Mauville_City.png,prompts/hoenn__mauville-city.md,pc/hoenn__mauville-city__pc.webp,mobile/hoenn__mauville-city__mobile.webp
Core series locations,Paldea,Medali,Medali,https://bulbapedia.bulbagarden.net/wiki/Medali,,https://archives.bulbagarden.net/media/upload/thumb/8/8a/Medali.png/600px-Medali.png,prompts/paldea__medali.md,pc/paldea__medali__pc.webp,mobile/paldea__medali__mobile.webp
Core series locations,Paldea,Mesagoza,Mesagoza,https://bulbapedia.bulbagarden.net/wiki/Mesagoza,,https://archives.bulbagarden.net/media/upload/thumb/7/7f/Mesagoza_art_TCG.jpg/600px-Mesagoza_art_TCG.jpg,prompts/paldea__mesagoza.md,pc/paldea__mesagoza__pc.webp,mobile/paldea__mesagoza__mobile.webp
Core series locations,Unova,Mistralton City,Mistralton City,https://bulbapedia.bulbagarden.net/wiki/Mistralton_City,,https://archives.bulbagarden.net/media/upload/thumb/f/f8/Mistralton_City_Summer_B2.png/600px-Mistralton_City_Summer_B2.png,prompts/unova__mistralton-city.md,pc/unova__mistralton-city__pc.webp,mobile/unova__mistralton-city__mobile.webp
Core series locations,Paldea,Montenevera,Montenevera,https://bulbapedia.bulbagarden.net/wiki/Montenevera,,https://archives.bulbagarden.net/media/upload/thumb/0/01/Montenevera.png/600px-Montenevera.png,prompts/paldea__montenevera.md,pc/paldea__montenevera__pc.webp,mobile/paldea__montenevera__mobile.webp
Core series locations,Hoenn,Mossdeep City,Mossdeep City,https://bulbapedia.bulbagarden.net/wiki/Mossdeep_City,,https://archives.bulbagarden.net/media/upload/thumb/0/0d/Mossdeep_City_ORAS.png/600px-Mossdeep_City_ORAS.png,prompts/hoenn__mossdeep-city.md,pc/hoenn__mossdeep-city__pc.webp,mobile/hoenn__mossdeep-city__mobile.webp
Core series locations,Kitakami,Mossui Town,Mossui Town,https://bulbapedia.bulbagarden.net/wiki/Mossui_Town,,https://archives.bulbagarden.net/media/upload/thumb/f/ff/Mossui_Town_SV_Concept_Art.png/600px-Mossui_Town_SV_Concept_Art.png,prompts/kitakami__mossui-town.md,pc/kitakami__mossui-town__pc.webp,mobile/kitakami__mossui-town__mobile.webp
Core series locations,Galar,Motostoke,Motostoke,https://bulbapedia.bulbagarden.net/wiki/Motostoke,,https://archives.bulbagarden.net/media/upload/thumb/7/70/Motostoke_SwSh.png/600px-Motostoke_SwSh.png,prompts/galar__motostoke.md,pc/galar__motostoke__pc.webp,mobile/galar__motostoke__mobile.webp
Core series locations,Unova,Nacrene City,Nacrene City,https://bulbapedia.bulbagarden.net/wiki/Nacrene_City,,https://archives.bulbagarden.net/media/upload/e/e3/None.png,prompts/unova__nacrene-city.md,pc/unova__nacrene-city__pc.webp,mobile/unova__nacrene-city__mobile.webp
Core series locations,Johto,New Bark Town,New Bark Town,https://bulbapedia.bulbagarden.net/wiki/New_Bark_Town,"New Bark Town is located in southeastern Johto and is the hometown of the Johto player character. It is home to the lab of Professor Elm, who possesses the first partner Pokémon for Johto: Chikorita, Cyndaquil, and Totodile.",https://archives.bulbagarden.net/media/upload/d/dd/New_Bark_Town_HGSS.png,prompts/johto__new-bark-town.md,pc/johto__new-bark-town__pc.webp,mobile/johto__new-bark-town__mobile.webp
Core series locations,Unova,Nimbasa City,Nimbasa City,https://bulbapedia.bulbagarden.net/wiki/Nimbasa_City,"Nimbasa City is a city located in central Unova. There are three routes connecting to it: to the south of the city is Route 4 and the vast Desert Resort, to the west is Route 5, and to the east is Route 16.",https://archives.bulbagarden.net/media/upload/e/e3/None.png,prompts/unova__nimbasa-city.md,pc/unova__nimbasa-city__pc.webp,mobile/unova__nimbasa-city__mobile.webp
Core series locations,Unova,Nuvema Town,Nuvema Town,https://bulbapedia.bulbagarden.net/wiki/Nuvema_Town,Nuvema Town is a small town located in southeastern Unova. It is the hometown of the player in Pokémon Black and White.,https://archives.bulbagarden.net/media/upload/a/a1/Nuvema_Town_Winter_BW.png,prompts/unova__nuvema-town.md,pc/unova__nuvema-town__pc.webp,mobile/unova__nuvema-town__mobile.webp
Core series locations,Hoenn,Oldale Town,Oldale Town,https://bulbapedia.bulbagarden.net/wiki/Oldale_Town,"Oldale Town is located in southwestern Hoenn. As Kyushu coincides with Hoenn, Oldale approximates with Saga City, Saga Prefecture.",https://archives.bulbagarden.net/media/upload/thumb/0/04/Oldale_Town_ORAS.png/600px-Oldale_Town_ORAS.png,prompts/hoenn__oldale-town.md,pc/hoenn__oldale-town__pc.webp,mobile/hoenn__oldale-town__mobile.webp
Core series locations,Johto,Olivine City,Olivine City,https://bulbapedia.bulbagarden.net/wiki/Olivine_City,"Olivine redirects here. For the lake in Hey You, Pikachu!, see Olivine Lake.",https://archives.bulbagarden.net/media/upload/thumb/f/f6/Olivine_City_HGSS.png/600px-Olivine_City_HGSS.png,prompts/johto__olivine-city.md,pc/johto__olivine-city__pc.webp,mobile/johto__olivine-city__mobile.webp
Core series locations,Sevii Islands,One Island,One Island (town),https://bulbapedia.bulbagarden.net/wiki/One_Island_%28town%29,"One Island is a small town located on One Island in the Sevii Islands. The only major defining point of the town is the Pokémon Network Center, run by Celio, a friend of Bill.",https://archives.bulbagarden.net/media/upload/9/93/One_Island.png,prompts/sevii-islands__one-island.md,pc/sevii-islands__one-island__pc.webp,mobile/sevii-islands__one-island__mobile.webp
Core series locations,Unova,Opelucid City,Opelucid City,https://bulbapedia.bulbagarden.net/wiki/Opelucid_City,"Opelucid City is a city located in northern Unova. The look of the city differs between versions; in Black and Black 2, the city has a futuristic, technological appearance, while in White and White 2, it has a traditional, more natural appearance.",https://archives.bulbagarden.net/media/upload/thumb/3/39/Opelucid_City_Summer_B2.png/600px-Opelucid_City_Summer_B2.png,prompts/unova__opelucid-city.md,pc/unova__opelucid-city__pc.webp,mobile/unova__opelucid-city__mobile.webp
Core series locations,Sinnoh,Oreburgh City,Oreburgh City,https://bulbapedia.bulbagarden.net/wiki/Oreburgh_City,"Oreburgh City is a city located in central Sinnoh. Oreburgh is first accessible via the Oreburgh Gate, which is to the west of the city.",https://archives.bulbagarden.net/media/upload/thumb/8/85/Oreburgh_City_BDSP_Concept_Art.jpg/600px-Oreburgh_City_BDSP_Concept_Art.jpg,prompts/sinnoh__oreburgh-city.md,pc/sinnoh__oreburgh-city__pc.webp,mobile/sinnoh__oreburgh-city__mobile.webp
Core series locations,Hoenn,Pacifidlog Town,Pacifidlog Town,https://bulbapedia.bulbagarden.net/wiki/Pacifidlog_Town,Pacifidlog Town is a town located in the seas south of the mainland of the Hoenn region. Pacifidlog Town is a small town built on wooden rafts and logs that float on top of a Corsola colony.,https://archives.bulbagarden.net/media/upload/thumb/0/06/Pacifidlog_Town_ORAS.png/600px-Pacifidlog_Town_ORAS.png,prompts/hoenn__pacifidlog-town.md,pc/hoenn__pacifidlog-town__pc.webp,mobile/hoenn__pacifidlog-town__mobile.webp
Core series locations,Kanto,Pallet Town,Pallet Town,https://bulbapedia.bulbagarden.net/wiki/Pallet_Town,Pallet Town is a small town located in southwestern Kanto. It is the hometown of the player and their rival in the Kanto-based games.,https://archives.bulbagarden.net/media/upload/4/45/Pallet_Town_PE.png,prompts/kanto__pallet-town.md,pc/kanto__pallet-town__pc.webp,mobile/kanto__pallet-town__mobile.webp
Core series locations,Alola,Paniola Town,Paniola Town,https://bulbapedia.bulbagarden.net/wiki/Paniola_Town,"Paniola Town is a town on Akala Island in the Alola region. Route 4 leads to Paniola Town from the south, and the town connects to Paniola Ranch in the north.",https://archives.bulbagarden.net/media/upload/1/14/Paniola_Town_SM.png,prompts/alola__paniola-town.md,pc/alola__paniola-town__pc.webp,mobile/alola__paniola-town__mobile.webp
Core series locations,Sinnoh,Pastoria City,Pastoria City,https://bulbapedia.bulbagarden.net/wiki/Pastoria_City,"Pastoria City is a city in the Sinnoh region. It is also the home of the Move Reminder, the Scarf Guy and the Sinnoh region's Safari Zone.",https://archives.bulbagarden.net/media/upload/thumb/2/2d/Pastoria_City_BDSP_Concept_Art.jpg/600px-Pastoria_City_BDSP_Concept_Art.jpg,prompts/sinnoh__pastoria-city.md,pc/sinnoh__pastoria-city__pc.webp,mobile/sinnoh__pastoria-city__mobile.webp
Core series locations,Hisui,Pearl Settlement,Pearl Settlement,https://bulbapedia.bulbagarden.net/wiki/Pearl_Settlement,"Pearl Settlement is a place in the Hisui region founded by the Pearl Clan, located in the northeastern part of the Alabaster Icelands. It is the home to Irida and the rest of the Pearl Clan.",https://archives.bulbagarden.net/media/upload/thumb/2/2b/LA_Pearl_Settlement.jpg/600px-LA_Pearl_Settlement.jpg,prompts/hisui__pearl-settlement.md,pc/hisui__pearl-settlement__pc.webp,mobile/hisui__pearl-settlement__mobile.webp
Core series locations,Hoenn,Petalburg City,Petalburg City,https://bulbapedia.bulbagarden.net/wiki/Petalburg_City,"Petalburg City is located in southwestern Hoenn. Despite Petalburg being the first city with a Gym, the Gym is not accessible until after obtaining four Badges.",https://archives.bulbagarden.net/media/upload/thumb/e/e5/Petalburg_City_ORAS.png/600px-Petalburg_City_ORAS.png,prompts/hoenn__petalburg-city.md,pc/hoenn__petalburg-city__pc.webp,mobile/hoenn__petalburg-city__mobile.webp
Core series locations,Kanto,Pewter City,Pewter City,https://bulbapedia.bulbagarden.net/wiki/Pewter_City,"If you were looking for the chapter in Pokémon Zensho, see PZ02. Pewter City is a city located in northwestern Kanto.",https://archives.bulbagarden.net/media/upload/1/11/Pewter_City_PE.png,prompts/kanto__pewter-city.md,pc/kanto__pewter-city__pc.webp,mobile/kanto__pewter-city__mobile.webp
Core series locations,Alola,Po Town,Po Town,https://bulbapedia.bulbagarden.net/wiki/Po_Town,"Po Town is a town situated on Ula'ula Island of the Alola region. It is occupied by Team Skull and houses their base of operations, the Shady House.",https://archives.bulbagarden.net/media/upload/thumb/4/4a/Po_Town_2_USUM.png/600px-Po_Town_2_USUM.png,prompts/alola__po-town.md,pc/alola__po-town__pc.webp,mobile/alola__po-town__mobile.webp
Core series locations,Paldea,Porto Marinada,Porto Marinada,https://bulbapedia.bulbagarden.net/wiki/Porto_Marinada,"Porto Marinada is a town in the Paldea region, located in West Province (Area Two).",https://archives.bulbagarden.net/media/upload/thumb/b/b8/Porto_Marinada.png/600px-Porto_Marinada.png,prompts/paldea__porto-marinada.md,pc/paldea__porto-marinada__pc.webp,mobile/paldea__porto-marinada__mobile.webp
Core series locations,Galar,Postwick,Postwick,https://bulbapedia.bulbagarden.net/wiki/Postwick,"Postwick is a small town located at the southern end of the Galar region. It is the hometown of the Galarian player character and their rival, Hop.",https://archives.bulbagarden.net/media/upload/thumb/7/76/Postwick_SwSh.png/600px-Postwick_SwSh.png,prompts/galar__postwick.md,pc/galar__postwick__pc.webp,mobile/galar__postwick__mobile.webp
Core series locations,Sinnoh,Resort Area,Resort Area,https://bulbapedia.bulbagarden.net/wiki/Resort_Area,"This article is about the location in the Battle Zone. For the Pokéwalker Route, see Resort (Pokéwalker).",https://archives.bulbagarden.net/media/upload/thumb/e/e7/Resort_Area_BDSP.png/600px-Resort_Area_BDSP.png,prompts/sinnoh__resort-area.md,pc/sinnoh__resort-area__pc.webp,mobile/sinnoh__resort-area__mobile.webp
Core series locations,Hoenn,Rustboro City,Rustboro City,https://bulbapedia.bulbagarden.net/wiki/Rustboro_City,"Rustboro City is a metropolis located in western Hoenn. It is the fourth-largest city in Hoenn, after Mauville City, Lilycove City and Slateport City.",https://archives.bulbagarden.net/media/upload/thumb/e/e0/Rustboro_City_ORAS.png/600px-Rustboro_City_ORAS.png,prompts/hoenn__rustboro-city.md,pc/hoenn__rustboro-city__pc.webp,mobile/hoenn__rustboro-city__mobile.webp
Core series locations,Johto,Safari Zone Gate,Safari Zone Gate,https://bulbapedia.bulbagarden.net/wiki/Safari_Zone_Gate,,https://archives.bulbagarden.net/media/upload/thumb/6/67/Safari_Zone_Gate.png/600px-Safari_Zone_Gate.png,prompts/johto__safari-zone-gate.md,pc/johto__safari-zone-gate__pc.webp,mobile/johto__safari-zone-gate__mobile.webp
Core series locations,Kanto,Saffron City,Saffron City,https://bulbapedia.bulbagarden.net/wiki/Saffron_City,,https://archives.bulbagarden.net/media/upload/2/2d/Saffron_City_PE.png,prompts/kanto__saffron-city.md,pc/kanto__saffron-city__pc.webp,mobile/kanto__saffron-city__mobile.webp
Core series locations,Sinnoh,Sandgem Town,Sandgem Town,https://bulbapedia.bulbagarden.net/wiki/Sandgem_Town,,https://archives.bulbagarden.net/media/upload/thumb/4/4f/Sandgem_Town_BDSP_Concept_Art.jpg/600px-Sandgem_Town_BDSP_Concept_Art.jpg,prompts/sinnoh__sandgem-town.md,pc/sinnoh__sandgem-town__pc.webp,mobile/sinnoh__sandgem-town__mobile.webp
Core series locations,Kalos,Santalune City,Santalune City,https://bulbapedia.bulbagarden.net/wiki/Santalune_City,,https://archives.bulbagarden.net/media/upload/thumb/5/58/Santalune_City_XY.png/600px-Santalune_City_XY.png,prompts/kalos__santalune-city.md,pc/kalos__santalune-city__pc.webp,mobile/kalos__santalune-city__mobile.webp
Core series locations,Alola,Seafolk Village,Seafolk Village,https://bulbapedia.bulbagarden.net/wiki/Seafolk_Village,,https://archives.bulbagarden.net/media/upload/thumb/5/57/Seafolk_Village_USUM.png/600px-Seafolk_Village_USUM.png,prompts/alola__seafolk-village.md,pc/alola__seafolk-village__pc.webp,mobile/alola__seafolk-village__mobile.webp
Core series locations,Sevii Islands,Seven Island,Seven Island (town),https://bulbapedia.bulbagarden.net/wiki/Seven_Island_%28town%29,,https://archives.bulbagarden.net/media/upload/e/e9/Seven_Island.png,prompts/sevii-islands__seven-island.md,pc/sevii-islands__seven-island__pc.webp,mobile/sevii-islands__seven-island__mobile.webp
Core series locations,Kalos,Shalour City,Shalour City,https://bulbapedia.bulbagarden.net/wiki/Shalour_City,,https://archives.bulbagarden.net/media/upload/5/5c/Shalour_City_XY.png,prompts/kalos__shalour-city.md,pc/kalos__shalour-city__pc.webp,mobile/kalos__shalour-city__mobile.webp
Core series locations,Sevii Islands,Six Island,Six Island (town),https://bulbapedia.bulbagarden.net/wiki/Six_Island_%28town%29,,https://archives.bulbagarden.net/media/upload/c/c0/Six_Island.png,prompts/sevii-islands__six-island.md,pc/sevii-islands__six-island__pc.webp,mobile/sevii-islands__six-island__mobile.webp
Core series locations,Hoenn,Slateport City,Slateport City,https://bulbapedia.bulbagarden.net/wiki/Slateport_City,,https://archives.bulbagarden.net/media/upload/thumb/3/3c/Slateport_City_ORAS.png/600px-Slateport_City_ORAS.png,prompts/hoenn__slateport-city.md,pc/hoenn__slateport-city__pc.webp,mobile/hoenn__slateport-city__mobile.webp
Core series locations,Galar,Stow-on-Side,Stow-on-Side,https://bulbapedia.bulbagarden.net/wiki/Stow-on-Side,,https://archives.bulbagarden.net/media/upload/thumb/2/29/Stow-On-Side_SwSh.png/600px-Stow-On-Side_SwSh.png,prompts/galar__stow-on-side.md,pc/galar__stow-on-side__pc.webp,mobile/galar__stow-on-side__mobile.webp
Core series locations,Kalos,Snowbelle City,Snowbelle City,https://bulbapedia.bulbagarden.net/wiki/Snowbelle_City,,https://archives.bulbagarden.net/media/upload/c/cc/Snowbelle_City_XY.png,prompts/kalos__snowbelle-city.md,pc/kalos__snowbelle-city__pc.webp,mobile/kalos__snowbelle-city__mobile.webp
Core series locations,Sinnoh,Snowpoint City,Snowpoint City,https://bulbapedia.bulbagarden.net/wiki/Snowpoint_City,,https://archives.bulbagarden.net/media/upload/thumb/d/db/Snowpoint_City_BDSP.png/600px-Snowpoint_City_BDSP.png,prompts/sinnoh__snowpoint-city.md,pc/sinnoh__snowpoint-city__pc.webp,mobile/sinnoh__snowpoint-city__mobile.webp
Core series locations,Sinnoh,Solaceon Town,Solaceon Town,https://bulbapedia.bulbagarden.net/wiki/Solaceon_Town,,https://archives.bulbagarden.net/media/upload/thumb/f/f9/Solaceon_Town_BDSP_Concept_Art.jpg/600px-Solaceon_Town_BDSP_Concept_Art.jpg,prompts/sinnoh__solaceon-town.md,pc/sinnoh__solaceon-town__pc.webp,mobile/sinnoh__solaceon-town__mobile.webp
Core series locations,Hoenn,Sootopolis City,Sootopolis City,https://bulbapedia.bulbagarden.net/wiki/Sootopolis_City,,https://archives.bulbagarden.net/media/upload/thumb/8/88/Sootopolis_City_ORAS.png/600px-Sootopolis_City_ORAS.png,prompts/hoenn__sootopolis-city.md,pc/hoenn__sootopolis-city__pc.webp,mobile/hoenn__sootopolis-city__mobile.webp
Core series locations,Galar,Spikemuth,Spikemuth,https://bulbapedia.bulbagarden.net/wiki/Spikemuth,,https://archives.bulbagarden.net/media/upload/e/e3/None.png,prompts/galar__spikemuth.md,pc/galar__spikemuth__pc.webp,mobile/galar__spikemuth__mobile.webp
Core series locations,Unova,Striaton City,Striaton City,https://bulbapedia.bulbagarden.net/wiki/Striaton_City,,https://archives.bulbagarden.net/media/upload/e/e3/None.png,prompts/unova__striaton-city.md,pc/unova__striaton-city__pc.webp,mobile/unova__striaton-city__mobile.webp
Core series locations,Sinnoh,Sunyshore City,Sunyshore City,https://bulbapedia.bulbagarden.net/wiki/Sunyshore_City,,https://archives.bulbagarden.net/media/upload/thumb/2/27/Sunyshore_City_BDSP_Concept_Art.jpg/600px-Sunyshore_City_BDSP_Concept_Art.jpg,prompts/sinnoh__sunyshore-city.md,pc/sinnoh__sunyshore-city__pc.webp,mobile/sinnoh__sunyshore-city__mobile.webp
Core series locations,Sinnoh,Survival Area,Survival Area,https://bulbapedia.bulbagarden.net/wiki/Survival_Area,,https://archives.bulbagarden.net/media/upload/thumb/5/5b/Survival_Area_BDSP.png/600px-Survival_Area_BDSP.png,prompts/sinnoh__survival-area.md,pc/sinnoh__survival-area__pc.webp,mobile/sinnoh__survival-area__mobile.webp
Core series locations,Alola,Tapu Village,Tapu Village,https://bulbapedia.bulbagarden.net/wiki/Tapu_Village,,https://archives.bulbagarden.net/media/upload/thumb/3/33/Tapu_Village_SM.png/600px-Tapu_Village_SM.png,prompts/alola__tapu-village.md,pc/alola__tapu-village__pc.webp,mobile/alola__tapu-village__mobile.webp
Core series locations,Sevii Islands,Three Island,Three Island (town),https://bulbapedia.bulbagarden.net/wiki/Three_Island_%28town%29,,https://archives.bulbagarden.net/media/upload/d/d8/Three_Island.png,prompts/sevii-islands__three-island.md,pc/sevii-islands__three-island__pc.webp,mobile/sevii-islands__three-island__mobile.webp
Core series locations,Galar,Turffield,Turffield,https://bulbapedia.bulbagarden.net/wiki/Turffield,,https://archives.bulbagarden.net/media/upload/thumb/1/1a/Turffield_SwSh.png/600px-Turffield_SwSh.png,prompts/galar__turffield.md,pc/galar__turffield__pc.webp,mobile/galar__turffield__mobile.webp
Core series locations,Sinnoh,Twinleaf Town,Twinleaf Town,https://bulbapedia.bulbagarden.net/wiki/Twinleaf_Town,,https://archives.bulbagarden.net/media/upload/thumb/6/68/Twinleaf_Town_BDSP_Concept_Art.jpg/600px-Twinleaf_Town_BDSP_Concept_Art.jpg,prompts/sinnoh__twinleaf-town.md,pc/sinnoh__twinleaf-town__pc.webp,mobile/sinnoh__twinleaf-town__mobile.webp
Core series locations,Sevii Islands,Two Island,Two Island (town),https://bulbapedia.bulbagarden.net/wiki/Two_Island_%28town%29,,https://archives.bulbagarden.net/media/upload/e/e3/None.png,prompts/sevii-islands__two-island.md,pc/sevii-islands__two-island__pc.webp,mobile/sevii-islands__two-island__mobile.webp
Core series locations,Unova,Undella Town,Undella Town,https://bulbapedia.bulbagarden.net/wiki/Undella_Town,,https://archives.bulbagarden.net/media/upload/e/e3/None.png,prompts/unova__undella-town.md,pc/unova__undella-town__pc.webp,mobile/unova__undella-town__mobile.webp
Core series locations,Kalos,Vaniville Town,Vaniville Town,https://bulbapedia.bulbagarden.net/wiki/Vaniville_Town,,https://archives.bulbagarden.net/media/upload/3/3e/Vaniville_Town_XY.png,prompts/kalos__vaniville-town.md,pc/kalos__vaniville-town__pc.webp,mobile/kalos__vaniville-town__mobile.webp
Core series locations,Sinnoh,Veilstone City,Veilstone City,https://bulbapedia.bulbagarden.net/wiki/Veilstone_City,,https://archives.bulbagarden.net/media/upload/thumb/3/3f/Veilstone_City_BDSP_Concept_Art.jpg/600px-Veilstone_City_BDSP_Concept_Art.jpg,prompts/sinnoh__veilstone-city.md,pc/sinnoh__veilstone-city__pc.webp,mobile/sinnoh__veilstone-city__mobile.webp
Core series locations,Hoenn,Verdanturf Town,Verdanturf Town,https://bulbapedia.bulbagarden.net/wiki/Verdanturf_Town,,https://archives.bulbagarden.net/media/upload/thumb/c/c0/Verdanturf_Town_ORAS.png/600px-Verdanturf_Town_ORAS.png,prompts/hoenn__verdanturf-town.md,pc/hoenn__verdanturf-town__pc.webp,mobile/hoenn__verdanturf-town__mobile.webp
Core series locations,Kanto,Vermilion City,Vermilion City,https://bulbapedia.bulbagarden.net/wiki/Vermilion_City,,https://archives.bulbagarden.net/media/upload/2/2c/Vermilion_City_PE.png,prompts/kanto__vermilion-city.md,pc/kanto__vermilion-city__pc.webp,mobile/kanto__vermilion-city__mobile.webp
Core series locations,Johto,Violet City,Violet City,https://bulbapedia.bulbagarden.net/wiki/Violet_City,,https://archives.bulbagarden.net/media/upload/thumb/5/55/Violet_City_HGSS.png/600px-Violet_City_HGSS.png,prompts/johto__violet-city.md,pc/johto__violet-city__pc.webp,mobile/johto__violet-city__mobile.webp
Core series locations,Unova,Virbank City,Virbank City,https://bulbapedia.bulbagarden.net/wiki/Virbank_City,,https://archives.bulbagarden.net/media/upload/thumb/2/2f/Virbank_City_Spring_B2W2.png/600px-Virbank_City_Spring_B2W2.png,prompts/unova__virbank-city.md,pc/unova__virbank-city__pc.webp,mobile/unova__virbank-city__mobile.webp
Core series locations,Kanto,Viridian City,Viridian City,https://bulbapedia.bulbagarden.net/wiki/Viridian_City,,https://archives.bulbagarden.net/media/upload/f/fc/Viridian_City_PE.png,prompts/kanto__viridian-city.md,pc/kanto__viridian-city__pc.webp,mobile/kanto__viridian-city__mobile.webp
Core series locations,Galar,Wedgehurst,Wedgehurst,https://bulbapedia.bulbagarden.net/wiki/Wedgehurst,,https://archives.bulbagarden.net/media/upload/thumb/8/8d/Wedgehurst_SwSh.png/600px-Wedgehurst_SwSh.png,prompts/galar__wedgehurst.md,pc/galar__wedgehurst__pc.webp,mobile/galar__wedgehurst__mobile.webp
Core series locations,Unova,White Forest,White Forest,https://bulbapedia.bulbagarden.net/wiki/White_Forest,,https://archives.bulbagarden.net/media/upload/thumb/a/a6/Black_City_and_White_Forest.png/600px-Black_City_and_White_Forest.png,prompts/unova__white-forest.md,pc/unova__white-forest__pc.webp,mobile/unova__white-forest__mobile.webp
Core series locations,Galar,Wyndon,Wyndon,https://bulbapedia.bulbagarden.net/wiki/Wyndon,,https://archives.bulbagarden.net/media/upload/thumb/e/e5/Wyndon_SwSh.png/600px-Wyndon_SwSh.png,prompts/galar__wyndon.md,pc/galar__wyndon__pc.webp,mobile/galar__wyndon__mobile.webp
Core series locations,Paldea,Zapapico,Zapapico,https://bulbapedia.bulbagarden.net/wiki/Zapapico,,https://archives.bulbagarden.net/media/upload/thumb/1/19/Zapapico.png/600px-Zapapico.png,prompts/paldea__zapapico.md,pc/paldea__zapapico__pc.webp,mobile/paldea__zapapico__mobile.webp
Side series locations,Orre,Agate Village,Agate Village,https://bulbapedia.bulbagarden.net/wiki/Agate_Village,"Agate Village is a small, lush, forest village located in north-central Orre. A large river runs past the town, accounting for its abundance of flora in an area that is primarily desert.",https://archives.bulbagarden.net/media/upload/thumb/8/8e/Agate_Village.png/600px-Agate_Village.png,prompts/orre__agate-village.md,pc/orre__agate-village__pc.webp,mobile/orre__agate-village__mobile.webp
Side series locations,Orre,Gateon Port,Gateon Port,https://bulbapedia.bulbagarden.net/wiki/Gateon_Port,"Gateon Port is a seaside city in northwestern Orre. It only appears in Pokémon XD: Gale of Darkness, and is one of the first areas accessible in the game.",https://archives.bulbagarden.net/media/upload/thumb/e/ee/Gateon_Port.png/600px-Gateon_Port.png,prompts/orre__gateon-port.md,pc/orre__gateon-port__pc.webp,mobile/orre__gateon-port__mobile.webp
Side series locations,Orre,Phenac City,Phenac City,https://bulbapedia.bulbagarden.net/wiki/Phenac_City,Phenac City is a small city built around a desert oasis in southeast Orre. The entire city is surrounded by a wall that keeps out the harsh desert winds.,https://archives.bulbagarden.net/media/upload/thumb/2/2a/Phenac_City.png/600px-Phenac_City.png,prompts/orre__phenac-city.md,pc/orre__phenac-city__pc.webp,mobile/orre__phenac-city__mobile.webp
Side series locations,Orre,Pyrite Town,Pyrite Town,https://bulbapedia.bulbagarden.net/wiki/Pyrite_Town,,https://archives.bulbagarden.net/media/upload/thumb/2/21/Pyrite_Town.png/600px-Pyrite_Town.png,prompts/orre__pyrite-town.md,pc/orre__pyrite-town__pc.webp,mobile/orre__pyrite-town__mobile.webp
Side series locations,Orre,The Under,The Under,https://bulbapedia.bulbagarden.net/wiki/The_Under,,https://archives.bulbagarden.net/media/upload/thumb/b/bf/The_Under_Colo.png/600px-The_Under_Colo.png,prompts/orre__the-under.md,pc/orre__the-under__pc.webp,mobile/orre__the-under__mobile.webp
Side series locations,N/A,White City,White City,https://bulbapedia.bulbagarden.net/wiki/White_City,,https://archives.bulbagarden.net/media/upload/thumb/b/bc/White_City.png/600px-White_City.png,prompts/n-a__white-city.md,pc/n-a__white-city__pc.webp,mobile/n-a__white-city__mobile.webp
Spin-off locations,Oblivia,Aqua Resort,Aqua Resort,https://bulbapedia.bulbagarden.net/wiki/Aqua_Resort,"The Aqua Resort is a location in Pokémon Ranger: Guardian Signs. It is a peaceful resort located in southeast Sophian Island, and is the third of three civilized areas that the player visits during their adventure.",https://archives.bulbagarden.net/media/upload/thumb/a/a4/Aqua_Resort_Ranger3.png/600px-Aqua_Resort_Ranger3.png,prompts/oblivia__aqua-resort.md,pc/oblivia__aqua-resort__pc.webp,mobile/oblivia__aqua-resort__mobile.webp
Spin-off locations,Toyland,Axle Town,Axle Town,https://bulbapedia.bulbagarden.net/wiki/Axle_Town,"Axle Town is the fifth and last accessible town in Pokémon Rumble Blast, located within the World Axle. It holds a Move Vendor for Draco Meteor and a Yellow Move-a-Majig.",https://archives.bulbagarden.net/media/upload/1/1b/Rumble_Blast_Axle_Town.png,prompts/toyland__axle-town.md,pc/toyland__axle-town__pc.webp,mobile/toyland__axle-town__mobile.webp
Spin-off locations,Pokémon Mystery Dungeon world,Baram Town,Baram Town,https://bulbapedia.bulbagarden.net/wiki/Baram_Town,Baram Town is a settlement on the Air Continent in Pokémon Super Mystery Dungeon. The player and their partner first visit the town accidentally while traveling with Archen of the Expedition Society on Lapras.,https://archives.bulbagarden.net/media/upload/d/d2/Baram_Town_map.png,prompts/pokemon-mystery-dungeon-world__baram-town.md,pc/pokemon-mystery-dungeon-world__baram-town__pc.webp,mobile/pokemon-mystery-dungeon-world__baram-town__mobile.webp
Spin-off locations,Almia,Boyleland,Boyleland,https://bulbapedia.bulbagarden.net/wiki/Boyleland,Boyleland is a village in Pokémon Ranger: Shadows of Almia. Boyleland is connected to Pueltown and Haruba Village by boat.,https://archives.bulbagarden.net/media/upload/thumb/d/db/Boyleland_Ranger2.png/600px-Boyleland_Ranger2.png,prompts/almia__boyleland.md,pc/almia__boyleland__pc.webp,mobile/almia__boyleland__mobile.webp
Spin-off locations,Pokémon Mystery Dungeon world,Capim Town,Capim Town,https://bulbapedia.bulbagarden.net/wiki/Capim_Town,Capim Town is a settlement on the Grass Continent in Pokémon Super Mystery Dungeon. The player and their partner can visit the town on the Lapras Travel Liner as long as the corresponding Lapras Liner Pass has been bought from the Kecleon Shop.,https://archives.bulbagarden.net/media/upload/thumb/9/92/Capim_Town_side_view.jpg/600px-Capim_Town_side_view.jpg,prompts/pokemon-mystery-dungeon-world__capim-town.md,pc/pokemon-mystery-dungeon-world__capim-town__pc.webp,mobile/pokemon-mystery-dungeon-world__capim-town__mobile.webp
Spin-off locations,Pasio,Centra City,Centra City,https://bulbapedia.bulbagarden.net/wiki/Centra_City,Centra City is the largest city on the island of Pasio in Pokémon Masters EX.,https://archives.bulbagarden.net/media/upload/thumb/d/d1/Centra_City_Masters_Trailer.png/600px-Centra_City_Masters_Trailer.png,prompts/pasio__centra-city.md,pc/pasio__centra-city__pc.webp,mobile/pasio__centra-city__mobile.webp
Spin-off locations,Almia,Chicole Village,Chicole Village,https://bulbapedia.bulbagarden.net/wiki/Chicole_Village,Chicole Village is an area in Pokémon Ranger: Shadows of Almia. It is located south of Vientown.,https://archives.bulbagarden.net/media/upload/thumb/e/e7/Chicole_Village_Ranger2.png/600px-Chicole_Village_Ranger2.png,prompts/almia__chicole-village.md,pc/almia__chicole-village__pc.webp,mobile/almia__chicole-village__mobile.webp
Spin-off locations,Oblivia,Cocona Village,Cocona Village,https://bulbapedia.bulbagarden.net/wiki/Cocona_Village,Cocona Village is a location in Pokémon Ranger: Guardian Signs. It is located in Renbow Island and near Dolce Island.,https://archives.bulbagarden.net/media/upload/thumb/7/71/Cocona_Village_Ranger3.png/600px-Cocona_Village_Ranger3.png,prompts/oblivia__cocona-village.md,pc/oblivia__cocona-village__pc.webp,mobile/oblivia__cocona-village__mobile.webp
Spin-off locations,Toyland,Easterly Town,Easterly Town,https://bulbapedia.bulbagarden.net/wiki/Easterly_Town,"Easterly Town is the second town accessible in Pokémon Rumble Blast, located in Sun-Dappled Bank. It is available after beating the Battle Royale in 1-4, Challenger's Ground, and contains a move vendor with SolarBeam, a move-a-majig, and a Munna who can be given Passwords.",https://archives.bulbagarden.net/media/upload/3/3c/Rumble_Blast_Easterly_Town.png,prompts/toyland__easterly-town.md,pc/toyland__easterly-town__pc.webp,mobile/toyland__easterly-town__mobile.webp
Spin-off locations,Fiore,Fall City,Fall City,https://bulbapedia.bulbagarden.net/wiki/Fall_City,Fall City is a large city in Fiore. It is the location of the second numbered mission in Pokémon Ranger.,https://archives.bulbagarden.net/media/upload/thumb/f/fa/Fall_City_Ranger1.png/600px-Fall_City_Ranger1.png,prompts/fiore__fall-city.md,pc/fiore__fall-city__pc.webp,mobile/fiore__fall-city__mobile.webp
Spin-off locations,Almia,Haruba Village,Haruba Village,https://bulbapedia.bulbagarden.net/wiki/Haruba_Village,"Haruba Village is an area in Pokémon Ranger: Shadows of Almia. When the player first arrives by boat, a vicious sandstorm is blowing due to a Gigaremo hypnotizing the Hippopotas.",https://archives.bulbagarden.net/media/upload/thumb/8/85/Haruba_Village_Ranger2.png/600px-Haruba_Village_Ranger2.png,prompts/almia__haruba-village.md,pc/almia__haruba-village__pc.webp,mobile/almia__haruba-village__mobile.webp
Spin-off locations,Pokémon Mystery Dungeon world,Lively Town,Lively Town,https://bulbapedia.bulbagarden.net/wiki/Lively_Town,Lively Town is a town in Pokémon Super Mystery Dungeon located on Water Continent. The player and their partner first travel there after they leave Serene Village.,https://archives.bulbagarden.net/media/upload/2/2e/Lively_Town_map.png,prompts/pokemon-mystery-dungeon-world__lively-town.md,pc/pokemon-mystery-dungeon-world__lively-town__pc.webp,mobile/pokemon-mystery-dungeon-world__lively-town__mobile.webp
Spin-off locations,N/A,Mintale Town,Mintale Town,https://bulbapedia.bulbagarden.net/wiki/Mintale_Town,"Mintale Town is the setting of Pokémon Channel. Although its location in relation to the rest of the Pokémon world is never stated, Mintale Town is popularly believed to be located in or near Kanto due to the appearance of Viridian Forest.",https://archives.bulbagarden.net/media/upload/thumb/6/6c/Mintale_Town.png/600px-Mintale_Town.png,prompts/n-a__mintale-town.md,pc/n-a__mintale-town__pc.webp,mobile/n-a__mintale-town__mobile.webp
Spin-off locations,Pokémon Mystery Dungeon world,Noe Town,Noe Town,https://bulbapedia.bulbagarden.net/wiki/Noe_Town,Noe Town is a settlement on the Mist Continent in Pokémon Super Mystery Dungeon. The player and their partner can visit the town on the Lapras Travel Liner as long as the corresponding Lapras Liner Pass has been bought from the Kecleon Shop.,https://archives.bulbagarden.net/media/upload/thumb/a/a0/Noe_Town_side_view.jpg/600px-Noe_Town_side_view.jpg,prompts/pokemon-mystery-dungeon-world__noe-town.md,pc/pokemon-mystery-dungeon-world__noe-town__pc.webp,mobile/pokemon-mystery-dungeon-world__noe-town__mobile.webp
Spin-off locations,Toyland,Northerly Town,Northerly Town,https://bulbapedia.bulbagarden.net/wiki/Northerly_Town,"Northerly Town is the fourth accessible town in Pokémon Rumble Blast, located within Frozen Tundra. It holds a move vender for Surf and a Red Move-a-Majig.",https://archives.bulbagarden.net/media/upload/d/d3/Rumble_Blast_Northerly_Town.png,prompts/toyland__northerly-town.md,pc/toyland__northerly-town__pc.webp,mobile/toyland__northerly-town__mobile.webp
Spin-off locations,Pokémon Mystery Dungeon world,Pokémon Beach,Pokémon Beach,https://bulbapedia.bulbagarden.net/wiki/Pok%C3%A9mon_Beach,"is the main settlement in Pokémon Mystery Dungeon: Keep Going! Stormy Adventure Squad!, similarly to Treasure Town or Pokémon Square.",,prompts/pokemon-mystery-dungeon-world__pokemon-beach.md,pc/pokemon-mystery-dungeon-world__pokemon-beach__pc.webp,mobile/pokemon-mystery-dungeon-world__pokemon-beach__mobile.webp
Spin-off locations,Pokémon Mystery Dungeon world,Pokémon Garden,Pokémon Garden (Mystery Dungeon),https://bulbapedia.bulbagarden.net/wiki/Pok%C3%A9mon_Garden_%28Mystery_Dungeon%29,"is the main settlement in Pokémon Mystery Dungeon: Keep Going! Light Adventure Squad!, similarly to Treasure Town or Pokémon Square.",,prompts/pokemon-mystery-dungeon-world__pokemon-garden.md,pc/pokemon-mystery-dungeon-world__pokemon-garden__pc.webp,mobile/pokemon-mystery-dungeon-world__pokemon-garden__mobile.webp
Spin-off locations,Pokémon Mystery Dungeon world,Pokémon Square,Pokémon Square,https://bulbapedia.bulbagarden.net/wiki/Pok%C3%A9mon_Square,,https://archives.bulbagarden.net/media/upload/thumb/4/4a/Pok%C3%A9mon_Square_Artwork.png/600px-Pok%C3%A9mon_Square_Artwork.png,prompts/pokemon-mystery-dungeon-world__pokemon-square.md,pc/pokemon-mystery-dungeon-world__pokemon-square__pc.webp,mobile/pokemon-mystery-dungeon-world__pokemon-square__mobile.webp
Spin-off locations,Pokémon Mystery Dungeon world,Pokémon Village,Pokémon Village (Mystery Dungeon),https://bulbapedia.bulbagarden.net/wiki/Pok%C3%A9mon_Village_%28Mystery_Dungeon%29,,,prompts/pokemon-mystery-dungeon-world__pokemon-village.md,pc/pokemon-mystery-dungeon-world__pokemon-village__pc.webp,mobile/pokemon-mystery-dungeon-world__pokemon-village__mobile.webp
Spin-off locations,Pokémon Mystery Dungeon world,Post Town,Post Town,https://bulbapedia.bulbagarden.net/wiki/Post_Town,"Post Town is the central village in Pokémon Mystery Dungeon: Gates to Infinity. It is populated solely by Pokémon, like the rest of the world presented in the game.",https://archives.bulbagarden.net/media/upload/thumb/1/1c/Post_Town.png/600px-Post_Town.png,prompts/pokemon-mystery-dungeon-world__post-town.md,pc/pokemon-mystery-dungeon-world__post-town__pc.webp,mobile/pokemon-mystery-dungeon-world__post-town__mobile.webp
Spin-off locations,Almia,Pueltown,Pueltown,https://bulbapedia.bulbagarden.net/wiki/Pueltown,Pueltown is an area in Pokémon Ranger: Shadows of Almia. It is called the heart of Almia.,https://archives.bulbagarden.net/media/upload/thumb/9/99/Pueltown_Ranger2.png/600px-Pueltown_Ranger2.png,prompts/almia__pueltown.md,pc/almia__pueltown__pc.webp,mobile/almia__pueltown__mobile.webp
Spin-off locations,N/A,Puzzle Village,Puzzle Village,https://bulbapedia.bulbagarden.net/wiki/Puzzle_Village,"Pokémon Puzzle League Village or Puzzle Village is the setting of Pokémon Puzzle League. When Ash receives a phone call from Professor Oak, telling him that he has been selected as a challenger of the Puzzle League Tournament, he and Pikachu race to the village.",https://archives.bulbagarden.net/media/upload/0/0d/Pok%C3%A9mon_Puzzle_League_Village.png,prompts/n-a__puzzle-village.md,pc/n-a__puzzle-village__pc.webp,mobile/n-a__puzzle-village__mobile.webp
Spin-off locations,Fiore,Ringtown,Ringtown,https://bulbapedia.bulbagarden.net/wiki/Ringtown,"Ringtown is a small town in Fiore. It is the home of the Ringtown Ranger Base run by Spenser, which is where the player is stationed for duty.",https://archives.bulbagarden.net/media/upload/thumb/9/96/Ringtown_Ranger1.png/600px-Ringtown_Ranger1.png,prompts/fiore__ringtown.md,pc/fiore__ringtown__pc.webp,mobile/fiore__ringtown__mobile.webp
Spin-off locations,N/A,Ryme City,Ryme City,https://bulbapedia.bulbagarden.net/wiki/Ryme_City,"Ryme City is the setting of the game Detective Pikachu, the game's sequel Detective Pikachu Returns, and the movie based on the game, POKÉMON Detective Pikachu. Its slogan is A Place of Harmony Between Humans and Pokémon.",https://archives.bulbagarden.net/media/upload/thumb/7/73/Ryme_City_artwork.png/600px-Ryme_City_artwork.png,prompts/n-a__ryme-city.md,pc/n-a__ryme-city__pc.webp,mobile/n-a__ryme-city__mobile.webp
Spin-off locations,Pokémon Mystery Dungeon world,Sahra Town,Sahra Town,https://bulbapedia.bulbagarden.net/wiki/Sahra_Town,Sahra Town is a settlement on the Sand Continent in Pokémon Super Mystery Dungeon. The player and their partner can visit the town on the Lapras Travel Liner as long as the corresponding Lapras Liner Pass has been bought from the Kecleon Shop.,https://archives.bulbagarden.net/media/upload/thumb/7/79/Sahra_Town_side_view.jpg/600px-Sahra_Town_side_view.jpg,prompts/pokemon-mystery-dungeon-world__sahra-town.md,pc/pokemon-mystery-dungeon-world__sahra-town__pc.webp,mobile/pokemon-mystery-dungeon-world__sahra-town__mobile.webp
Spin-off locations,Pokémon Mystery Dungeon world,Serene Village,Serene Village,https://bulbapedia.bulbagarden.net/wiki/Serene_Village,"Serene Village is the starting village in Pokémon Super Mystery Dungeon. At the beginning of the game, the player is taken here by Nuzleaf and lives in his house.",https://archives.bulbagarden.net/media/upload/thumb/8/8f/Serene_Village.png/600px-Serene_Village.png,prompts/pokemon-mystery-dungeon-world__serene-village.md,pc/pokemon-mystery-dungeon-world__serene-village__pc.webp,mobile/pokemon-mystery-dungeon-world__serene-village__mobile.webp
Spin-off locations,Pokémon Mystery Dungeon world,Shaymin Village,Shaymin Village,https://bulbapedia.bulbagarden.net/wiki/Shaymin_Village,"The Shaymin Village is a village that is only available in Pokémon Mystery Dungeon: Explorers of Sky. There are only seven residents (six once the venture up Sky Peak is completed and a Shaymin is recruited) of Shaymin Village, all of which are Shaymin.",https://archives.bulbagarden.net/media/upload/thumb/7/76/Shaymin_Village.png/600px-Shaymin_Village.png,prompts/pokemon-mystery-dungeon-world__shaymin-village.md,pc/pokemon-mystery-dungeon-world__shaymin-village__pc.webp,mobile/pokemon-mystery-dungeon-world__shaymin-village__mobile.webp
Spin-off locations,Almia,Shiver Camp,Shiver Camp,https://bulbapedia.bulbagarden.net/wiki/Shiver_Camp,Shiver Camp is an area in Pokémon Ranger: Shadows of Almia. The Shiver Camp is a base used by a Pokémon research team in the east of Hia Valley.,https://archives.bulbagarden.net/media/upload/thumb/0/0b/Shiver_Camp_Ranger2.png/600px-Shiver_Camp_Ranger2.png,prompts/almia__shiver-camp.md,pc/almia__shiver-camp__pc.webp,mobile/almia__shiver-camp__mobile.webp
Spin-off locations,Aeos Island,Shivre City,Shivre City,https://bulbapedia.bulbagarden.net/wiki/Shivre_City,Shivre City is a 4-on-4 Quick Battle stage in Pokémon UNITE.,https://archives.bulbagarden.net/media/upload/thumb/a/a1/UNITE_Shivre_City.png/600px-UNITE_Shivre_City.png,prompts/aeos-island__shivre-city.md,pc/aeos-island__shivre-city__pc.webp,mobile/aeos-island__shivre-city__mobile.webp
Spin-off locations,Fiore,Summerland,Summerland,https://bulbapedia.bulbagarden.net/wiki/Summerland,Summerland is a small tropical town in Fiore. It is the home of the Summerland Ranger Base run by Cameron.,https://archives.bulbagarden.net/media/upload/thumb/a/a0/Summerland_Ranger1.png/600px-Summerland_Ranger1.png,prompts/fiore__summerland.md,pc/fiore__summerland__pc.webp,mobile/fiore__summerland__mobile.webp
Spin-off locations,N/A,Think Town,Think Town,https://bulbapedia.bulbagarden.net/wiki/Think_Town,Think Town is the setting of Pokémon Friends. It is known for the production of Pokémon plush.,https://archives.bulbagarden.net/media/upload/thumb/a/a6/Think_Town.png/600px-Think_Town.png,prompts/n-a__think-town.md,pc/n-a__think-town__pc.webp,mobile/n-a__think-town__mobile.webp
Spin-off locations,Oblivia,Tilt Village,Tilt Village,https://bulbapedia.bulbagarden.net/wiki/Tilt_Village,Tilt Village is a location in Pokémon Ranger: Guardian Signs. It is located east of Booker Bridge and west of both Mitonga Road and Dangerous Cliff on Mitonga Island.,https://archives.bulbagarden.net/media/upload/thumb/2/28/Tilt_Village_Ranger3.png/600px-Tilt_Village_Ranger3.png,prompts/oblivia__tilt-village.md,pc/oblivia__tilt-village__pc.webp,mobile/oblivia__tilt-village__mobile.webp
Spin-off locations,Toyland,Toy Town,Toy Town,https://bulbapedia.bulbagarden.net/wiki/Toy_Town,"Toy Town is the first accessible town in Pokémon Rumble Blast, located within Trailhead Field. It holds a move vendor for Giga Impact and a Move-a-majig, as well as the normal town facilities.",https://archives.bulbagarden.net/media/upload/1/1f/Rumble_Blast_Toy_Town.jpg,prompts/toyland__toy-town.md,pc/toyland__toy-town__pc.webp,mobile/toyland__toy-town__mobile.webp
Spin-off locations,Pokémon Mystery Dungeon world,Treasure Town,Treasure Town,https://bulbapedia.bulbagarden.net/wiki/Treasure_Town,"Treasure Town is the central village in Pokémon Mystery Dungeon: Explorers of Time and Explorers of Darkness and Pokémon Mystery Dungeon: Explorers of Sky. It is populated solely by Pokémon, like the rest of the world presented in the game and animated special.",https://archives.bulbagarden.net/media/upload/thumb/9/9a/Treasure_Town_artwork_S.jpg/600px-Treasure_Town_artwork_S.jpg,prompts/pokemon-mystery-dungeon-world__treasure-town.md,pc/pokemon-mystery-dungeon-world__treasure-town__pc.webp,mobile/pokemon-mystery-dungeon-world__treasure-town__mobile.webp
Spin-off locations,Almia,Vientown,Vientown,https://bulbapedia.bulbagarden.net/wiki/Vientown,"Vientown is a town in the game Pokémon Ranger: Shadows of Almia. It is located in the center of Almia, and is the nearest town to the Ranger School.",https://archives.bulbagarden.net/media/upload/thumb/3/30/Vientown_Ranger2.png/600px-Vientown_Ranger2.png,prompts/almia__vientown.md,pc/almia__vientown__pc.webp,mobile/almia__vientown__mobile.webp
Spin-off locations,Toyland,Westerly Town,Westerly Town,https://bulbapedia.bulbagarden.net/wiki/Westerly_Town,"Westerly Town is the third accessible town in Pokémon Rumble Blast, located within Rugged Flats. It holds a move vendor for Fire Blast and a Red and Gold Move-a-Majig.",https://archives.bulbagarden.net/media/upload/7/75/Rumble_Blast_Westerly_Town.png,prompts/toyland__westerly-town.md,pc/toyland__westerly-town__pc.webp,mobile/toyland__westerly-town__mobile.webp
Spin-off locations,Fiore,Wintown,Wintown,https://bulbapedia.bulbagarden.net/wiki/Wintown,Wintown is a small town in Fiore. It is the home of the Wintown Ranger Base run by Elita.,https://archives.bulbagarden.net/media/upload/thumb/2/28/Wintown_Ranger1.png/600px-Wintown_Ranger1.png,prompts/fiore__wintown.md,pc/fiore__wintown__pc.webp,mobile/fiore__wintown__mobile.webp
